병원명,일반병상수,node_name,x,y
가자연세,37,성동문화원앞,127.0371079,37.5591962
가톨릭대여의도성모,340,모래내지하차도(북측),126.9167403,37.5693543
가톨릭대은평성모,642,시범아파트앞,126.9402574,37.5209655
강남고려,174,은평성모병원사거리,126.9169866,37.6344794
강남수,29,도곡1동주민센터,127.04132,37.4889759
강남유나이티드,28,탄천1교동측,127.0848769,37.5010212
강남제이에스,42,강남을지병원,127.0287298,37.5185312
강남지인,28,싸리고개공원입구,127.0357387,37.4895327
강남힐,90,선릉역,127.0502518,37.5050462
강북삼성,526,상봉시장앞,127.0867386,37.5925407
강북연세,80,정동사거리,126.9692307,37.5680504
강북으뜸,63,광산사거리,127.0226027,37.6434635
강서송도,48,신방화역,126.8177619,37.5667861
건양의료재단김안과,66,건대입구역,127.06812,37.54088
경희대,654,경찰병원,127.1239038,37.495401
고도일,126,경희대학교앞,127.0519867,37.5971213
고려대의과대학부속구로,759,교보타워사거리,127.023538,37.503874
고은빛여성,26,고대구로병원,126.8848701,37.4920519
구로성심,190,삼성역,127.063143,37.5088402
국립중앙의료원,384,국립재활원,127.0105514,37.6385669
금강아산(재단법인아산사회복지재단),43,구룡사앞,127.0510934,37.4712537
녹색,265,노원자동차검사소,127.071663,37.6375068
누네안과,43,사가정역,127.0876732,37.5808042
뉴스타트,143,함지박사거리,126.9911415,37.4931243
늘찬,42,신가초교앞,127.1187956,37.5002912
달려라,104,전농119안전센터,127.0460036,37.576319
대항,69,대림사거리,126.9063446,37.4888492
더드림,51,사당역,126.981596,37.4765793
디앤에프,62,압구정역,127.028717,37.5271225
리더스,55,신영동삼거리,126.9619446,37.6039925
린여성,38,신사오거리,126.9156862,37.5990591
마디세상,44,장안동사거리,127.0716753,37.5723444
메디아이여성,22,학동역,127.030361,37.5148043
메디힐,110,상계초교,127.0659332,37.6570358
명지성모,202,신월사거리,126.827734,37.5362309
목동제일여성,24,학동사거리,127.0391658,37.5231829
미즈메디,54,도산공원,127.0352168,37.5242213
민트,35,미아역,127.0261837,37.6262408
바로선,132,올림픽훼밀리타운,127.1150524,37.4886064
바른본,40,방학사거리,127.0419388,37.6629791
바른사랑,34,중곡사거리,127.0881641,37.5586844
반도정형외과,24,신림교,126.9288425,37.4817782
방화,27,태릉입구역,127.0749769,37.6172576
본서부,45,신방화사거리,126.8164215,37.5725632
부민,272,본서부병원앞,126.9225883,37.6007485
삼성서울,1336,천왕역,126.838635,37.4863606
삼육서울,368,삼성서울병원,127.0853414,37.4884518
새길,49,휘경빗물펌프장,127.0685543,37.5886595
새힘,46,독산동남문종합시장,126.9004286,37.473751
서울21세기,78,"상계6,7동주민센터",127.0673284,37.6541669
서울나은,71,등촌사거리,126.8637549,37.5533839
서울대,1258,신도봉사거리,127.0442166,37.672823
서울라본,54,우장산공원입구,126.8459625,37.5502333
서울미즈,73,동부제일병원,127.1092782,37.6008208
서울세계로,142,동대문세무서,127.0478299,37.5832421
서울센트럴,66,장지동길지하차도(동측),127.1407919,37.4859485
서울스타,50,동묘앞역,127.0174344,37.5735084
서울원,61,용강동주민센터,126.9426765,37.5422117
서울유,52,강서나누리병원,126.8366769,37.5373406
서울정,52,서대문역,126.9660369,37.5663949
서울특별시동부,183,제기동역,127.0344672,37.5783784
서울특별시보라매,634,개나리아파트,127.1058169,37.6050995
서울특별시서남,267,보라매공원(동문),126.920474,37.4932422
서울특별시서북,181,강월초교,126.8341595,37.516083
서울프라임,54,은천로입구,126.9349099,37.4863708
서울호흡안심,40,강북구청,127.0262082,37.640449
서재곤링커,60,홍제삼거리,126.9469603,37.5862195
선한목자,44,아시아선수촌아파트,127.0767053,37.5082831
세바른,36,독립문역,126.9589584,37.5737136
신세계서울,80,한남오거리,127.0083196,37.532829
신일,70,시계(경인로),126.9070182,37.5161066
심정,98,강서농협,126.8649713,37.5486351
씨엠,102,신림우방아파트,126.9185892,37.4890439
아이디,28,도림고가밑,126.8923685,37.5067068
양,47,말미사거리,126.8977015,37.4664667
에이치큐브,33,LG사이언스파크,126.8336449,37.5620952
연세대의과대학세브란스,1567,삼호아파트,127.0452179,37.4933766
연세바로척,67,군자역,127.0791397,37.5568619
연세산돌,40,효령아파트,126.9936334,37.4797613
연세슬기,51,우림시장,127.0995198,37.5954312
연세우리,40,상왕십리역,127.0299688,37.5659227
연세한강,47,삼전사거리,127.0880599,37.5044062
올바로,66,구로2동주민센터,126.8834702,37.4913769
올바른서울,87,서울고교,127.00446,37.48274
올센,54,천동초교입구,127.141178,37.5409689
웰튼,51,신월요금소,126.8640289,37.5310974
유광사여성,46,아현역,126.9567414,37.5574209
윤호,18,서울강서대학교입구,126.844839,37.5458403
의료법인상원의료재단강북힘찬,150,구산역,126.9167938,37.6098023
의료법인성누가의료재단성누가,27,한스타워,126.8916525,37.5005017
의료법인우신향,79,구로역,126.88222,37.5032764
의료법인인봉의료재단영등포,71,안암역,127.0298428,37.5862112
의료법인청구성심,181,영등포구청역,126.8962174,37.5246353
의료법인청해의료재단제일,42,연신내역,126.9222105,37.6181449
의료법인동신의료재단동신,185,거리공원오거리,126.8935737,37.4977652
의료법인서울효천의료재단에이치플러스양지,259,고려대역교차로,127.0378559,37.594395
의료법인성화의료재단대한,181,관악우체국,126.9331531,37.4850037
의료법인풍산의료재단동부제일,119,풍납동토성,127.1195918,37.5334867
의료법인한전의료재단한일,372,묵동교,127.0794729,37.617937
이화여자대의과대학부속목동,460,한일병원,127.0280374,37.6451936
이화여자대의과대학부속서울,633,이대목동병원,126.886217,37.5365347
인제대상계백,398,대림시장,126.9177137,37.5868552
장스여성,24,서초삼호아파트,127.0211197,37.5034452
장튼위튼,27,신내지하차도,127.0966302,37.6011761
재단법인베스티안재단베스티안서울,95,탄천2교,127.0716197,37.5023252
재단법인아산사회복지재단서울아산,1758,양지사거리,127.0291519,37.5668182
정동,56,풍성중교,127.1124718,37.5251635
제일정형외과,136,아차산역사거리,127.0908796,37.5501221
중앙대,552,신림초교,126.9236147,37.47819665
차의과학대강남차,155,원일빌딩,127.0580227,37.519329
참튼튼,82,신당역,127.01622,37.56535
척편한,88,내방역,126.9942682,37.4869395
청담해리슨,49,청담사거리,127.0473766,37.5242012
청화,32,강동구청,127.1206234,37.5306942
튼튼,117,코엑스,127.0591105,37.5118733
팔팔,78,경기고교앞,127.0570201,37.5201821
포미즈여성,19,원남동사거리,126.9976807,37.5760613
하나이비인후과,26,삼정그린코아아파트,126.8748829,37.5478411
하늘,75,구역삼세무서,127.0392749,37.4958572
하,25,답십리역사거리,127.0556753,37.5657335
학교법인고려중앙학원고려대의과대학부속(안암),769,잠원동주민센터,127.0140771,37.5149618
학교법인가톨릭학원가톨릭대서울성모,857,고려대보건과학대학,127.024645,37.5857519
한강수,56,치과의사회관앞,127.0583125,37.548725
한국보훈복지의료공단중앙보훈,830,양남사거리,126.890037,37.5222687
한국원자력의학원원자력,433,보훈병원입구,127.1492691,37.531208
한림대강남성심,471,공릉동부아파트,127.0786477,37.6281805
한림대한강성심,128,대림삼거리,126.9095023,37.4925321
한솔,50,영등포시장역,126.9054031,37.5234146
한양대,625,석촌역,127.1084241,37.5037726
햇빛,31,한양대병원,127.04119,37.5601
연세대의과대학강남세브란스,675,역촌역,126.9220486,37.6049278
서울특별시서울의료원,806,신사동고개사거리,126.9092375,37.5963321
성심의료재단강동성심,517,숭곡초교,127.0324307,37.6085731
노원을지대,471,이수역,126.9803769,37.4847328
경찰,322,영등포청과시장,126.9010871,37.5205787
우리들,356,신동아아파트,127.0322781,37.5728409
세란,280,대방역,126.9235038,37.5129352
연세사랑,216,고척2파출소앞,126.8600625,37.5067
신촌연세,148,화계유치원,127.0212007,37.63454475
서울,137,금천우체국,126.8979961,37.4700903
영동,135,송파경찰서,127.1270483,37.5020332
아름제일,102,타임스퀘어,126.9040371,37.5172094
의료법인마리아의료재단마리아,56,연희교차로,126.9293141,37.5648453
건국대,694,배명사거리,127.0972964,37.5027406
순천향대부속서울,1198,방이사거리,127.1108392,37.5107904
서울성심,339,농협입구,127.1238118,37.4951319
홍익,311,성수대교남단교차로,127.0337863,37.5291752
대림성모,264,서울세관,127.0344199,37.5184049
성애의료재단성애,270,강동성심병원,127.1353011,37.5360466
서울현대,388,문화공원,126.8363416,37.5620109
혜민,336,길동사거리,127.1385332,37.5338884
강남베드로,396,서울대입구,126.9527294,37.4812071
나누리,182,차병원,127.0338945,37.5073269
강서힘찬,205,88체육관,126.8483674,37.5566134
서울바른,155,시계(천호대로),127.1253452,37.5376834
기쁨,186,조원동주민센터앞,126.9072415,37.4833707
서울고든,111,남부터미널역,127.0159226,37.485672
원탑,144,청담공원앞,127.0508499,37.5187111
서울필,114,성수사거리,127.0625,37.54276
서울연세,70,남부순환로서초IC서측,127.0212361,37.48316463
